1,1,1,Status.InterDis,0,0
2,2,1,Status.InterDis,6.149018082512384,2.8559156512138566
3,3,1,Status.InterDis,2.558843861067311,7.717414855854797
4,4,1,Status.InterDis,5.988863472351476,3.7107729948555317
5,5,1,Status.InterDis,5.918038908722348,2.6713174690452206
6,6,1,Status.InterDis,2.0480559479494542,5.584744282741405
7,7,1,Status.InterDis,2.4982175130136293,5.819626019286723
8,8,1,Status.InterDis,5.863558149318795,0.09790336043122047
9,9,1,Status.InterDis,3.8309180897160333,5.711234081109468
10,10,1,Status.InterDis,2.6111703205559986,4.776192453573075
11,11,1,Status.InterDis,6.186475558586611,3.0756760610676457
12,12,1,Status.InterDis,4.204949578552923,0.4348853006008646
13,13,1,Status.InterDis,5.7596537532469,4.2230398345996125
14,14,1,Status.InterDis,5.006923004177082,2.012376951115796
15,15,1,Status.InterDis,6.52264243027959,1.2758355499321568
16,16,1,Status.InterDis,6.217800171600873,1.5040891792117028
17,17,1,Status.InterDis,1.7223025596749217,3.393346506669909
18,18,1,Status.InterDis,2.185181923975409,3.9246855289810663
19,19,1,Status.InterDis,4.31485031083041,4.031450228191142
20,20,1,Status.InterDis,5.777953102881394,3.0164474439170883
21,21,1,Status.InterDis,4.578532882468446,1.362651939720937
22,22,1,Status.InterDis,2.4912851198217822,7.142752019430901
23,23,1,Status.InterDis,5.089728532779939,2.713171091080177
24,24,1,Status.InterDis,1.43718149729027,3.990906235097139
25,25,1,Status.InterDis,0.10978117120196525,6.170940056481546
26,26,1,Status.InterDis,3.2314898740725213,4.5406425383704905
27,27,1,Status.InterDis,0.009612086316682485,3.592388075962258
28,28,1,Status.InterDis,4.919955694732104,0.14628691153729492
29,29,1,Status.InterDis,0.4381445527575399,6.207274899393539
30,30,1,Status.InterDis,0.8057630230097007,5.956411021423248
31,31,1,Status.InterDis,6.599767117773341,3.914208443769253
32,32,1,Status.InterDis,5.058107649831108,3.094829534235697
33,33,1,Status.InterDis,1.02518254197049,6.1835117601354685
34,34,1,Status.InterDis,0.2198830971542771,6.712505303306641
35,35,1,Status.InterDis,6.989774236032654,0.9150253003953254
36,36,1,Status.InterDis,0.3738139937789985,6.040671728420389
37,37,1,Status.InterDis,0.8430631212111619,8.601772236796938
38,38,1,Status.InterDis,3.302964502794074,6.027214922973796
39,39,1,Status.InterDis,3.1740478104611007,4.32516521664523
40,40,1,Status.InterDis,2.404757735304785,4.572886594533079
41,41,1,Status.InterDis,6.295053394556374,0.3956555593997097
42,42,1,Status.InterDis,0.3722275056216992,7.886729741790828
43,43,1,Status.InterDis,1.623920564108115,5.179073352073037
44,44,1,Status.InterDis,2.3238786832452862,7.345557681053262
45,45,1,Status.InterDis,4.0320648435537985,5.904922399770697
46,46,1,Status.InterDis,7.495734567654172,2.304600511571882
47,47,1,Status.InterDis,0.9774873288626051,4.968130178990564
48,48,1,Status.InterDis,4.660507836468571,0.6809935975896828
49,49,1,Status.InterDis,2.917218910022423,6.542246683052213
50,50,1,Status.InterDis,5.499496209263784,0.7080477976582324
51,51,1,Status.InterDis,0.2548422401531149,7.609691667162668
52,52,1,Status.InterDis,4.928705900729667,4.5107832376528165
53,53,1,Status.InterDis,5.844441340053077,0.5838413703714839
54,54,1,Status.InterDis,4.589741355072249,3.138462529156705
55,55,1,Status.InterDis,1.5210414709213669,4.377485417561601
56,56,1,Status.InterDis,4.49947839988683,1.5974821596304536
57,57,1,Status.InterDis,3.6055779622329482,5.628967099996245
58,58,1,Status.InterDis,5.660858850006988,2.1080837425411105
59,59,1,Status.InterDis,4.457385758474133,2.7289940252366525
60,60,1,Status.InterDis,4.587205862549443,0.033869278216102375
61,61,1,Status.InterDis,2.0060960574465403,6.200186534353316
62,62,1,Status.InterDis,4.776524314749967,3.2591412736862386
63,63,1,Status.InterDis,0.6607741560780871,7.313397220432889
64,64,1,Status.InterDis,1.1272701771010052,5.392917224601262
65,65,1,Status.InterDis,2.8390656519375894,1.1321259588659442
66,66,1,Status.InterDis,5.4708315721262775,2.8940062389591916
67,67,1,Status.InterDis,1.1308331374726737,7.139316341662251
68,68,1,Status.InterDis,1.2073323860268532,5.769478855486159
69,69,1,Status.InterDis,1.0155268576563246,7.90920531930275
70,70,1,Status.InterDis,2.5039732065183835,4.278737939984872
71,71,1,Status.InterDis,8.739428492449708,1.0021689136456635
72,72,1,Status.InterDis,2.217585942924391,5.160752114703001
73,73,1,Status.InterDis,5.197900397814551,2.510917491043369
74,74,1,Status.InterDis,7.305443615699372,3.753342356618245
75,75,1,Status.InterDis,4.925597847429672,1.4367442513232598
76,76,1,Status.InterDis,5.629719383926659,0.4554098621687269
77,77,1,Status.InterDis,7.20294986924297,1.1050022252576774
78,78,1,Status.InterDis,1.2803194155920739,6.717054795765782
79,79,1,Status.InterDis,6.7456543186297,0.4473132313474047
80,80,1,Status.InterDis,4.356774223605455,2.899248189408035
81,81,1,Status.InterDis,4.46768526431974,4.324621271577569
82,82,1,Status.InterDis,4.759236067244346,1.352674438442731
83,83,1,Status.InterDis,0.7679856997952739,5.758841685171298
84,84,1,Status.InterDis,5.321315487534362,0.7710594278208773
85,85,1,Status.InterDis,0.556633537529872,6.636161346470331
86,86,1,Status.InterDis,6.844064275682685,1.488106739221789
87,87,1,Status.InterDis,2.2746414335499567,3.7549342807184325
88,88,1,Status.InterDis,3.6838059076912772,2.7504007216411672
89,89,1,Status.InterDis,5.285895461724857,5.7615296143922
90,90,1,Status.InterDis,0.6356857242809482,7.103258833115419
91,91,1,Status.InterDis,3.5853616972114137,6.46120021200191
92,92,1,Status.InterDis,3.666012665498183,0.5600662264523688
93,93,1,Status.InterDis,6.083814943394825,0.9615316942818779
94,94,1,Status.InterDis,4.166154378736487,2.034061006174333
95,95,1,Status.InterDis,6.79054143717114,1.6688868214146133
96,96,1,Status.InterDis,3.344480013864566,5.467297353156767
97,97,1,Status.InterDis,2.3630640505089944,5.321476217045273
98,98,1,Status.InterDis,0.5381481130865986,6.4728806587819765
99,99,1,Status.InterDis,1.3318355566240105,5.451367128963076
100,100,1,Status.InterDis,4.4692035218286295,3.7294505499275954
101,101,1,Status.InterDis,5.50552215562096,4.907795025922161
102,102,1,Status.InterDis,4.878785693176915,5.924139707410457
103,103,1,Status.InterDis,4.247498305390395,2.2765086345278744
104,104,1,Status.InterDis,4.201567364150554,0.8947095143144054
105,105,1,Status.InterDis,3.4365665528050404,4.5157299741916255
106,106,1,Status.InterDis,3.2736161551630665,2.6368519996300797
107,107,1,Status.InterDis,7.5107984712856775,2.770917799161878
108,108,1,Status.InterDis,5.437005493976831,4.0688265793902305
109,109,1,Status.InterDis,5.611859882611845,1.4320355999153187
110,110,1,Status.InterDis,5.252680523632379,1.0434746839443325
111,111,1,Status.InterDis,1.5167024639917703,5.948560080744718
112,112,1,Status.InterDis,1.9817785137880621,5.393815745042669
113,113,1,Status.InterDis,6.0618366154315,6.969960259082586
114,114,1,Status.InterDis,1.3763551107902525,4.927175149075259
115,115,1,Status.InterDis,4.801539478766524,2.7664089553739757
116,116,1,Status.InterDis,3.738585666047908,4.0055958435595524
117,117,1,Status.InterDis,2.7816637626603296,7.439781459775119
118,118,1,Status.InterDis,2.8784968102270088,2.130908117671925
119,119,1,Status.InterDis,2.9974022174854227,3.686087629020516
120,120,1,Status.InterDis,4.066847752907469,4.93532621804974
121,121,1,Status.InterDis,4.747958454134802,5.259823449207129
122,122,1,Status.InterDis,6.836347362060574,2.702790490852913
123,123,1,Status.InterDis,6.7026344533400355,0.13040397840478302
124,124,1,Status.InterDis,3.5332085173922487,3.698712809341585
125,125,1,Status.InterDis,2.975833801869981,4.765593447059755
126,126,1,Status.InterDis,0.3824342590803305,6.492592941405037
127,127,1,Status.InterDis,2.7830191728080758,2.3053830136752618
128,128,1,Status.InterDis,4.020154771735671,2.4553789577822283
129,129,1,Status.InterDis,4.910565190112305,4.050777436157885
130,130,1,Status.InterDis,1.6999493540218014,6.208543780821446
131,131,1,Status.InterDis,7.766023054811728,0.9851222769929457
132,132,1,Status.InterDis,2.8900741726537342,5.348011344040078
133,133,1,Status.InterDis,0.21601775720826946,8.960383273099117
134,134,1,Status.InterDis,1.58292028333055,7.162700227545064
135,135,1,Status.InterDis,4.165760341944863,4.763039920481569
136,136,1,Status.InterDis,7.17146169274082,2.9305714611012164
137,137,1,Status.InterDis,3.063261938925398,6.284313409122359
138,138,1,Status.InterDis,7.018567537367234,2.2307148768109695
139,139,1,Status.InterDis,7.988424486361786,2.923493664106232
140,140,1,Status.Dev,2.030129382530955,5.860876163374027
141,141,1,Status.Dev,4.134934306346685,1.495917494076534
142,142,1,Status.Dis,1.8116403265014784,5.187880230250148
143,143,1,Status.Dis,3.0029745303862865,3.4146273704469636
144,144,1,Status.Dev,0.7553621378643933,3.864554774526171
145,145,1,Status.Dis,1.402654579724936,7.258590054133793
146,146,1,Status.Dis,4.717187864935778,4.517071257225362
147,147,1,Status.Dis,4.655379491906838,1.1060484565099862
148,148,1,Status.Dis,1.30429674244431,2.7328552724642563
149,149,1,Status.Dis,3.7072777771212575,0.2601754735218265
150,150,1,Status.Dis,1.5331654370267631,2.626281824437885
151,151,1,Status.Dev,4.58831531174197,2.1831220230133725
152,152,1,Status.Dev,1.0312493475480495,4.776080246466237
153,153,1,Status.Dis,1.9133605795779451,1.3264254203035328
154,154,1,Status.Dis,4.152543263917644,1.1911115970410466
155,155,1,Status.Dis,1.848690251402141,5.623980219163964
156,156,1,Status.Dis,3.2290245297533913,1.9663215719425948
157,157,1,Status.Dis,0.16620789923841076,4.440035946123139
158,158,1,Status.Dis,1.9864802830833945,6.3640164422021765
159,159,1,Status.Dis,3.914989410187128,1.9850293429803165
160,160,1,Status.Dis,0.4796736593688121,5.87416385059751
161,161,1,Status.Dis,6.15249058831806,0.0024966285220843
162,162,1,Status.Dis,1.594159668535229,4.773218222506073
163,163,1,Status.Dis,2.3532658682903955,4.314401196589079
164,164,1,Status.Dis,3.658482112235718,3.0260258349706524
165,165,1,Status.Dis,2.399439339741171,1.6401429221024004
166,166,1,Status.Dis,1.0865561399951216,4.056997253659428
167,167,1,Status.Dev,1.8797020421120036,3.47624049023537
168,168,1,Status.Dis,0.7679963118341121,3.269901144054605
169,169,1,Status.Dis,5.368533268888023,0.4915397655719221
170,170,1,Status.Dev,3.996835408601469,3.907795214355664
171,171,1,Status.Dis,0.7517644481062299,3.4252028380788975
172,172,1,Status.Dis,2.7022320174096546,3.3870060107108504
173,173,1,Status.Dev,1.6097256593732976,6.782786517680048
174,174,1,Status.Dev,2.8866640914284125,5.15319900045981
175,175,1,Status.Dis,2.933949306821017,2.962278002653944
176,176,1,Status.Dev,3.388446833516879,2.2990553153361506
177,177,1,Status.Dis,3.5927844972075365,0.7972394768855273
178,178,1,Status.Dev,2.8354438017320884,1.368359294023789
179,179,1,Status.Dis,1.1922424177341278,4.704538219671285
180,180,1,Status.Dis,4.900744382654124,2.4815199556554983
181,181,1,Status.Dis,2.067041450193601,4.7506529449797155
182,182,1,Status.Dis,3.588669956250834,4.215500844938967
183,183,1,Status.Dis,3.366248296013947,4.7115266216224505
184,184,1,Status.Dis,2.3350356092032283,1.3218689099977712
185,185,1,Status.Dev,6.906463018597599,2.896234506337671
186,186,1,Status.Dis,3.9065888424933086,2.6586070902875356
187,187,1,Status.Dev,2.9691252572149014,2.6958645747875716
188,188,1,Status.Dis,4.3534130181398885,0.2607284264742385
189,189,1,Status.Dis,0.9607497293039535,5.537621444982148
190,190,1,Status.Dis,4.798985129241081,1.759130774712345
191,191,1,Status.Dis,5.090801343056527,1.6198796663043464
192,192,1,Status.Dev,1.3086903802355176,4.507532140174455
193,193,1,Status.Dis,2.871505799760933,4.371669429294828
194,194,1,Status.Dev,5.0614049034353545,0.4940967415279018
195,195,1,Status.Dis,0.6276344239109302,5.362141597799155
196,196,1,Status.Dis,3.7998025435343026,2.2555543630257127
197,197,1,Status.Dis,2.926537279104984,1.8244573297209743
198,198,1,Status.Dis,5.008770650016142,0.9644223544896947
199,199,1,Status.Dev,0.19108656331198226,4.048464842279718
200,200,1,Status.Dis,1.21706700742254,3.143541495031541
201,201,1,Status.Dis,2.5520370071862013,3.7156846332828444
202,202,1,Status.Dis,4.989592898414094,0.6705347393960996
203,203,1,Status.Dis,1.8137055398023627,3.920397953837031
204,204,1,Status.Dev,3.052294266445146,4.167657034648893
205,205,1,Status.Dis,2.8731192860838304,4.5708265940244726
206,206,1,Status.Dis,0.8663088016375262,2.8935068363516905
207,207,1,Status.Dis,2.4784964702396315,4.09612901816934
208,208,1,Status.Dis,2.710071562737546,3.758260242977107
209,209,1,Status.Dis,0.39984052529302155,4.117092475386139
210,210,1,Status.Dev,3.6477290055025313,2.393207967033993
211,211,1,Status.Dis,5.410292657360721,0.19993090466471322
212,212,1,Status.Dis,4.400004301765296,0.8470554051327132
213,213,1,Status.Dis,2.439708328186158,1.858387538982935
214,214,1,Status.Dev,4.1688650900224635,1.6702213051309616
215,215,1,Status.Dis,1.0119552581109412,2.735207522376201
216,216,1,Status.Dev,3.046056129505396,1.57078090507439
217,217,1,Status.Dis,1.6762159610379372,2.920783121702507
218,218,1,Status.Dis,0.2231106695498221,4.992014734715337
219,219,1,Status.Dis,6.935327833945287,0.010450272353662058
220,220,1,Status.Dev,6.000542247513803,1.2357714060980303
221,221,1,Status.Dev,4.387486562743011,0.5257541886209238
222,222,1,Status.Dis,2.6712859689961665,0.24159906596105987
223,223,1,Status.Dev,1.2984318796495304,2.991069170964364
224,224,1,Status.Dis,3.847247762061725,1.525327096536805
225,225,1,Status.Dis,3.0442989328790406,0.25175165950011386
226,226,1,Status.Dis,6.005571859944849,1.7627240578474577
227,227,1,Status.Dis,0.6643909557081441,4.182266835485831
228,228,1,Status.Dev,0.6870773435175753,2.4148516955257078
229,229,1,Status.Dis,4.0466866824714165,0.07977040154364014
230,230,1,Status.Dis,1.900476393732546,4.561382385395618
231,231,1,Status.Dev,3.324187742230372,5.2428727394810615
232,232,1,Status.Dis,1.7448032911692606,4.828872322296198
233,233,1,Status.Dis,4.238440801920722,3.0714603684147
234,234,1,Status.Dev,4.743927785748721,1.584415719679536
235,235,1,Status.Dis,2.042597511247194,3.3209005604356583
236,236,1,Status.Dev,3.5308648268748013,0.12286733859386546
237,237,1,Status.Dis,3.6326536459520584,2.2392300725446783
238,238,1,Status.Dev,2.4875369396355618,2.372595240828168
239,239,1,Status.Dis,5.682505380450814,4.054421688376378
240,240,1,Status.Dis,4.282744863593432,3.7168474281167376
241,241,1,Status.Dis,3.1865481168524408,3.4519158560014818
242,242,1,Status.Dev,0.5808229248333462,4.748050714681241
243,243,1,Status.Dis,3.44876253808019,1.2880173867487643
244,244,1,Status.Dis,4.173872551932828,2.58995760831863
245,245,1,Status.Dis,5.436001515740419,1.194448766136716
246,246,1,Status.Dev,2.0553923729282237,1.7355967554662557
247,247,1,Status.Dis,0.134844509347443,4.614179145600352
248,248,1,Status.Dis,5.3169949992421595,1.5185839814422384
249,249,1,Status.Dis,2.275110258342381,2.6413323732841576
250,250,1,Status.Dis,1.279103130378169,3.3999215590859664
251,251,1,Status.Dis,2.430852025579828,2.216028849523828
252,252,1,Status.Dis,2.654867519924058,2.4708421096547073
253,253,1,Status.Dev,0.30427315240725683,4.835991582407998
254,254,1,Status.Dis,0.4179246514728525,5.176796482661456
255,255,1,Status.Dis,0.6769938153659874,3.6946261778490226
256,256,1,Status.Dis,4.094118554822322,4.6008922396954635
257,257,1,Status.Dev,3.3326507136229524,5.630535629235744
258,258,1,Status.Dis,1.707648130603137,3.2078966785978857
259,259,1,Status.Dis,4.3786279841937,5.256558683763718
260,260,1,Status.Dis,1.553942943654412,5.33061213328825
261,261,1,Status.Dis,1.7329196912237175,4.467775781220857
262,262,1,Status.Dev,2.576589929410723,3.0801783127924813
263,263,1,Status.Dev,5.847625158807709,4.950143090743613
264,264,1,Status.Dev,4.86548804301139,1.1209323587586555
265,265,1,Status.Dis,2.016158353895213,5.0481523598715405
266,266,1,Status.Dis,4.7341366109637795,3.4230388151803903
267,267,1,Status.Dis,2.6573865918901673,4.340971078159118
268,268,1,Status.Dev,1.6066797245955484,4.051949389674545
269,269,1,Status.Dis,4.867109498533214,3.884968440280571
270,270,1,Status.Dis,4.34408752790905,0.09294323371651209
271,271,1,Status.Dis,2.13583265131389,2.253713355801983
272,272,1,Status.Dev,1.8124555204223112,4.204124244876651
273,273,1,Status.Dis,1.3382628116274349,4.143328361461146
274,274,1,Status.Dis,1.279613538935479,3.9096589806864137
275,275,1,Status.Dis,3.3950967940970456,2.9899172090310544
276,276,1,Status.Dis,3.5670911005636405,3.957094264364455
277,277,1,Status.Dis,4.528986713811448,3.377970435542273
278,278,1,Status.Dis,4.824454621961558,3.7126167510010553
279,279,1,Status.Dis,2.7649511228361194,3.55109386633065
280,280,1,Status.Dis,3.3053284886792755,0.5126952389683248
281,281,1,Status.Dis,1.6955679726524542,3.704382933962885
282,282,1,Status.Dev,3.7231411476059026,3.778154397430121
283,283,1,Status.Dis,1.9489228671326273,2.9607101543439955
284,284,1,Status.Dev,3.4800013017170213,0.27416483905205274
285,285,1,Status.Dis,3.733702662593298,0.9557429930400259
286,286,1,Status.Dev,0.913127760389959,4.211761201424702
287,287,1,Status.Dis,3.4162603782615735,2.0231711216940282
288,288,1,Status.Dis,3.365535088395597,0.7620941435065144
289,289,1,Status.Dis,5.955447309004693,2.363400736496827
290,290,1,Status.Dis,3.439142638415744,1.681837760092922
291,291,1,Status.Dis,4.842889823737456,5.517289701059323
292,292,1,Status.Dis,2.4530177982023607,6.530662316025965
293,293,1,Status.Dis,3.8338781952140333,4.329809472496694
294,294,1,Status.Dis,2.0046492063500545,2.6520393442273194
295,295,1,Status.Dis,3.1094899969598084,0.6912016017796973
296,296,1,Status.Dis,2.3253045744139564,4.160765764911523
297,297,1,Status.Dev,3.758398732235675,1.2846993883093318
298,298,1,Status.Dis,1.2548400614540118,5.149936098446887
299,299,1,Status.Dis,2.2642565017392444,2.9206317219501097
300,300,1,Status.Dis,3.493036563768743,1.1234079232823886
301,301,1,Status.Dis,6.434622236653087,3.020329056720667
302,302,1,Status.Dis,2.1145485161667046,0.5672810975235636
303,303,1,Status.Dis,0.9345942169542951,2.4554210067508753
304,304,1,Status.Dis,3.3824330338994195,3.9187727392418177
305,305,1,Status.Dis,5.940684882054866,0.3011245201354461
306,306,1,Status.Dis,0.023058691407089365,4.25507930586725
307,307,1,Status.Dis,3.204167824925942,3.0627084060255414
308,308,1,Status.Dev,2.408285944490137,4.738595377420625
309,309,1,Status.Dis,2.2990110867757045,0.9293058869563704
310,310,1,Status.Dis,4.60800546267317,0.2101799983401475
311,311,1,Status.Dev,2.5250121612752587,3.554390402493019
312,312,1,Status.Dis,3.9476500055354027,3.336641620866356
313,313,1,Status.Dis,3.786263173727316,4.480932514424809
314,314,1,Status.Dis,2.159144861850448,4.535138928345835
315,315,1,Status.Dis,4.692573812654254,3.9767893249632014
316,316,1,Status.Dis,0.5174146389788414,2.6517019418107317
317,317,1,Status.Dis,3.629577943975921,3.4859046986158453
318,318,1,Status.Dis,2.341407682161956,6.083988465250996
319,319,1,Status.Dis,1.741326696926002,2.706859718807042
320,320,1,Status.Dis,2.6667291619347213,1.2781362209120557
321,321,1,Status.Dis,3.8314316745743966,0.004940246291599749
322,322,1,Status.Dis,4.250006977628623,5.467011351954654
323,323,1,Status.Dis,4.356387330459804,2.552169653538262
324,324,1,Status.Dis,1.095605207320929,4.302289288929532
325,325,1,Status.Dev,2.6866896066745407,5.152412881192901
326,326,1,Status.Dev,0.0814494852033413,4.828273745408725
327,327,1,Status.Dev,1.5908137999127194,3.889086145529113
328,328,1,Status.Dis,3.513089219221829,7.2915101575055745
329,329,1,Status.Dis,3.6259606216672915,4.5071905549052715
330,330,1,Status.Dis,4.800139705196846,2.187652373699164
331,331,1,Status.Dis,1.0644024955203346,3.730991408964774
332,332,1,Status.Dis,5.6236627701016735,3.721947581115579
333,333,1,Status.Dis,3.665029791301363,5.28701510197265
334,334,1,Status.Dev,0.3266177864564916,3.696193246427068
335,335,1,Status.Dis,2.8300291358053853,7.8769677295248375
336,336,1,Status.Dis,2.5169976054555065,2.7002192836043077
337,337,1,Status.Dis,0.6748473805942855,6.202448127098546
338,338,1,Status.Dev,3.9384088351348314,4.487737108968679
339,339,1,Status.Dis,4.027182543947061,3.185096034000777
340,340,1,Status.Dev,4.1277285008903934,4.30806402128015
341,341,1,Status.Dis,5.103767427064357,0.22839921609723537
342,342,1,Status.Dis,2.327801098017264,4.899508515967634
343,343,1,Status.Dis,3.949778076419663,0.37605947885331475
344,344,1,Status.Dis,2.4886240557976445,3.3310950029412245
345,345,1,Status.Dev,3.6899753131808746,5.918939294798162
346,346,1,Status.Dis,0.11656853986433316,6.930965223225805
347,347,1,Status.Dis,2.6774200098347483,5.349182952870184
348,348,1,Status.Dis,3.901640789257022,3.0085589869978038
349,349,1,Status.Dis,4.583257436941746,1.9987419715750485
350,350,1,Status.Dis,1.1012000472350796,2.978291379346196
351,351,1,Status.Dis,2.793045716213644,3.186252732248368
352,352,1,Status.Dev,2.5867331938324223,7.547699027749029
353,353,1,Status.Dev,2.743863409294148,0.912564422625975
354,354,1,Status.Dis,4.754570869089602,2.0307503285066293
355,355,1,Status.Dev,3.3852362447519058,5.050906588806968
356,356,1,Status.Dis,4.140661198337378,0.24098471911484554
357,357,1,Status.Dis,0.44042149544596987,3.2429927446904148
358,358,1,Status.Dis,3.828728287098079,0.6876448203833794
359,359,1,Status.Dis,5.110429711553799,3.610329103767547
360,360,1,Status.Dis,0.9175866540486506,4.02960242646731
361,361,1,Status.Dis,2.629775903922491,4.528107955910323
362,362,1,Status.Dev,0.062278255881449744,5.507766659105282
363,363,1,Status.Dis,3.9197557270845933,3.6126923839604257
364,364,1,Status.Dis,0.16752642235156517,5.206693835059117
365,365,1,Status.Dev,0.6545394280788476,3.0365790709254137
366,366,1,Status.Dev,0.9464977959249894,3.1596086448060157
367,367,1,Status.Dis,1.4061482059434631,3.1707284087378094
368,368,1,Status.Dis,3.4385487901109544,4.32060413587408
369,369,1,Status.Dis,1.4255870071332817,3.6413288869734775
370,370,1,Status.Dis,3.735387280013594,4.719545653054501
371,371,1,Status.Dis,6.252786075699129,1.230962033300142
372,372,1,Status.Dev,5.7015941245649335,2.795460052326526
373,373,1,Status.Dis,3.6952736920542013,3.3166882016261723
374,374,1,Status.Dev,1.9021275930517019,1.1360103737299005
375,375,1,Status.Dev,5.72726853228504,1.0031126020835424
376,376,1,Status.Dis,4.081309500454244,2.2779619834536775
377,377,1,Status.Dis,3.3257350107976356,2.809774002988394
378,378,1,Status.Dis,4.450979463942708,1.165444704471206
379,379,1,Status.Dis,3.1145578353233025,2.3462076488434835
380,380,1,Status.Dev,0.2684162430931971,3.490354309361421
381,381,1,Status.Dev,1.596966522954242,2.4501061794529364
382,382,1,Status.Dis,2.4109591550656875,5.1647689614408945
383,383,1,Status.Dis,3.652813503028922,1.9620496192414496
384,384,1,Status.Dis,4.021907931566452,0.6322996707046492
385,385,1,Status.Dis,1.1010408055881593,4.464745559267131
386,386,1,Status.Dis,2.681778625364963,2.7364133994999755
387,387,1,Status.Dev,0.00047430357182526523,4.411346936217325
388,388,1,Status.Dis,6.750305673833077,5.222993385476554
389,389,1,Status.Dis,5.481900732368175,2.20285275110551
390,390,1,Status.Dev,7.45585230641604,0.17436167329500504
391,391,1,Status.Dis,1.9638767052545973,3.67558815364071
392,392,1,Status.Dis,2.5877891610183403,0.7461645752358254
393,393,1,Status.Dis,0.2504625478884751,5.427360639233337
394,394,1,Status.Dis,3.653419659105596,1.742169382878249
395,395,1,Status.Dis,4.369101519232483,2.0637129645654726
396,396,1,Status.Dis,5.207642882797904,0.0014324031827352916
397,397,1,Status.Dev,4.437510463288022,3.1424848295577688
398,398,1,Status.Dis,1.4323365015838536,1.8761641568794785
399,399,1,Status.Dis,5.498267616999682,1.5840941998800049
400,400,1,Status.Dev,0.38551524497067335,3.9314493132326853
401,401,1,Status.Dis,4.915996168227592,2.921027008349164
402,402,1,Status.Dis,6.4647423293250945,0.620348182954404
403,403,1,Status.Dis,3.9348941829306874,1.824675244775443
404,404,1,Status.Dis,5.409616572180439,3.3535261285463562
405,405,1,Status.Dis,0.14866174397615123,5.709091703251199
406,406,1,Status.Dev,3.22853764557115,1.52849142659835
407,407,1,Status.Dis,0.5584939328034327,3.9830586764511686
408,408,1,Status.Dis,2.931331800359785,5.540936955552479
409,409,1,Status.Dis,0.5912809697829724,4.49730735257379
410,410,1,Status.Dis,0.6884354888647505,2.111178885907341
411,411,1,Status.Dis,2.78741429802751,4.856601448304626
412,412,1,Status.Dev,3.9101937664005817,0.8669547977155739
413,413,1,Status.Dis,4.047943722621968,5.430969516098499
414,414,1,Status.Dis,4.759132236098236,0.36042277274298
415,415,1,Status.Dev,1.3723648788680087,6.926071948513763
416,416,1,Status.Dis,4.594086146593339,2.473882783928892
417,417,1,Status.Dis,0.351670345994497,4.335383559768375
418,418,1,Status.Dev,2.7451385579341845,0.03073223181789768
419,419,1,Status.Dev,1.3857031410141731,6.372260918255673
420,420,1,Status.Dis,6.422787090283867,1.6138869339004622
421,421,1,Status.Dis,0.905054315847556,3.4739268572001407
422,422,1,Status.Dis,6.299891503929756,2.6163632735467512
423,423,1,Status.Dis,3.1945684082380907,1.3168892908450547
424,424,1,Status.Dev,0.3955646996942445,4.6211320477448306
425,425,1,Status.Dev,2.041989731606141,3.1554141531207742
426,426,1,Status.Dis,6.421680555391794,3.3100448838567247
427,427,1,Status.Dis,0.07609914656606301,6.389232615775736
428,428,1,Status.Dis,1.7332096398336114,5.018330174315109
429,429,1,Status.Dis,3.098041197174208,4.010909406749026
430,430,1,Status.Dis,5.804063281757484,1.1948536179081062
431,431,1,Status.Dev,0.4922118551392341,3.7667507388816226
432,432,1,Status.Dev,6.164733567842364,1.9061969690942109
433,433,1,Status.Dis,3.327945215863461,0.9716412202590031
434,434,1,Status.Dis,1.9951636363192258,4.323239337052976
435,435,1,Status.Dis,1.6429636325415813,5.6206435745685415
436,436,1,Status.Dis,5.160910814403779,4.721342385883937
437,437,1,Status.Dis,3.1633391386873533,3.2163691683329474
438,438,1,Status.Dis,3.544678087187369,5.469398321486276
439,439,1,Status.Dev,2.7133763145162573,1.5455388149850087
440,440,1,Status.Dev,5.829951772938107,1.6919918217470118
441,441,1,Status.Dis,2.604329029626296,6.137161389063704
442,442,1,Status.Dis,2.8010133232855057,4.022772095864181
443,443,1,Status.Dis,1.1975261953127407,4.8683896600405205
444,444,1,Status.Dev,4.817607400261898,0.6227900962796259
445,445,1,Status.Dis,0.8232129117485213,4.53017888997756
446,446,1,Status.Dis,5.690541160518085,4.608720843954816
447,447,1,Status.Dis,4.518773997254042,4.026428079688963
448,448,1,Status.Dis,1.5347345318248828,2.2338079402167392
449,449,1,Status.Dis,3.3477240962158246,3.610659693936698
450,450,1,Status.Dis,1.0938394560291675,5.186046019388231
451,451,1,Status.Dev,2.3954096463097714,3.925442225872247
452,452,1,Status.Dis,1.2494446033511821,3.727457960350688
453,453,1,Status.Dis,2.1637922769714946,3.48151065158521
454,454,1,Status.Dev,6.040572052047042,1.540764790220677
455,455,1,Status.Dis,1.8830215348775352,2.053696133260636
456,456,1,Status.Dis,3.0932334991812813,5.38330152864574
457,457,1,Status.Dev,4.407496209552191,4.482978275927502
458,458,1,Status.Dis,4.639316572572283,0.900672176831662
459,459,1,Status.Dis,3.510931144991533,3.2008509290104588
460,460,1,Status.Dis,3.0418676016169433,2.516272670269545
461,461,1,Status.Dis,3.511837020129652,2.713463118505589
462,462,1,Status.Dis,0.9440816178910901,5.336257310913066
463,463,1,Status.Dis,5.453518335298047,2.4240151805551253
464,464,1,Status.Dev,5.916335434002268,1.9610511501404466
465,465,1,Status.Dis,5.264731088669852,3.7729210211756987
466,466,1,Status.Dis,3.436219255298518,3.411540378294988
467,467,1,Status.Dis,1.0381688865533292,6.448411073587378
468,468,1,Status.Dis,1.1912137683314583,6.54118879556177
469,469,1,Status.Dis,2.121848434298061,1.1704011999080257
470,470,1,Status.Dev,0.4901215015888226,3.398648318689419
471,471,1,Status.Dis,3.5444559183903235,4.668570319603061
472,472,1,Status.Dis,0.37237561454305845,5.713004061694594
473,473,1,Status.Dis,3.931845936425759,4.076260244953578
474,474,1,Status.Dis,3.701703935767311,2.596817626225623
475,475,1,Status.Dis,3.150573051310245,3.7416230461252233
476,476,1,Status.Dev,2.4828025010542607,5.557213075753673
477,477,1,Status.Dis,3.224669666016921,0.2944129880778506
478,478,1,Status.Dis,1.8573673904358234,0.16224082520211128
479,479,1,Status.Dis,6.612180194202373,1.5554555535372594
480,480,1,Status.Dis,1.0575855747608838,3.4077433880761174
481,481,1,Status.Dis,5.300797594538612,4.403287690860901
482,482,1,Status.Dis,1.9876391644784155,5.206156569986673
483,483,1,Status.Dis,6.248315799192767,0.21757021202989482
484,484,1,Status.Dev,2.9414167768416712,2.291159857519253
485,485,1,Status.Dis,2.1014258055440114,2.965613013101615
486,486,1,Status.Dis,4.110104761275471,2.9098940809135754
487,487,1,Status.Dev,6.710464199350867,0.8612520943748088
488,488,1,Status.Dis,5.221801026900486,1.2879361597001138
489,489,1,Status.Dev,1.3339099002447432,2.3006713747039167
490,490,1,Status.Dev,3.7998559327086103,2.4095907660578906
491,491,1,Status.Dis,5.251431121202177,1.7910783500280236
492,492,1,Status.Dis,2.6067334732665657,4.926931345770214
493,493,1,Status.Dev,0.8513637162717299,7.0950411306796655
494,494,1,Status.Dis,6.033246672390355,3.238457945831727
495,495,1,Status.Dev,3.000851588978809,3.127547048017676
496,496,1,Status.Dis,1.7571235253797928,2.5475727389416143
497,497,1,Status.Dis,7.395091485997789,0.6400597006716068
498,498,1,Status.Dev,4.229609085165966,3.5403077283913063
499,499,1,Status.Dis,4.660330946108842,7.729729898444993
500,500,1,Status.Dis,2.5031894202302616,0.4666557573462054
501,501,1,Status.Dis,4.230970578710227,3.256879886940745
502,502,1,Status.Dis,5.69659242821151,0.2853749813177657
503,503,1,Status.Dis,0.8441985670645575,6.3613766673529435
504,504,1,Status.Dis,4.647315163275324,2.7012439512722195
505,505,1,Status.Dis,2.971098693174777,6.948200067765685
506,506,1,Status.Dis,3.1718049407135385,0.04485838515451182
507,507,1,Status.Dev,0.2253890638650626,5.888101631750019
508,508,1,Status.Dev,1.9890011664929188,4.089034361674861
509,509,1,Status.Dis,6.236866788223731,0.6321000328862366
510,510,1,Status.Dis,5.592004827323435,0.11624634461376279
511,511,1,Status.Dev,0.4876376869752106,3.569789108105146
512,512,1,Status.Dev,5.983306178170896,4.183057197736025
513,513,1,Status.Dis,3.215884415176918,1.6930588281899293
514,514,1,Status.Dis,2.599688481893276,2.9266304329787487
515,515,1,Status.Dis,3.047960271820178,0.43496083457181545
516,516,1,Status.Dis,6.957869812840754,0.3863534425605325
517,517,1,Status.Dis,2.2359289266053013,3.2037457301600383
518,518,1,Status.Dis,3.729866288217912,4.921579965430472
519,519,1,Status.Dis,2.812828970438309,5.760987293847567
520,520,1,Status.Dis,5.674296695959146,0.8141697862352102
521,521,1,Status.Dis,0.39808578089948893,6.82062890641254
522,522,1,Status.Dis,5.649227020826819,4.434184281691779
523,523,1,Status.Dis,3.395414585400962,4.164056833210708
524,524,1,Status.Dis,1.3130906167789616,2.451001437092291
525,525,1,Status.Dev,4.1238876708511905,1.8699215643475555
526,526,1,Status.Dis,5.4241061065607745,3.0733251192986843
527,527,1,Status.Dev,2.3606981363440473,0.22163542263521155
528,528,1,Status.Dis,0.8371161730146028,6.157317430991044
529,529,1,Status.Dis,6.319458001617613,1.910074395607062
530,530,1,Status.Dis,4.3229186447040995,5.939055939423325
531,531,1,Status.Dis,0.5953022083175119,5.208667165460202
532,532,1,Status.Dis,5.944956838236927,0.766883411547199
533,533,1,Status.Dis,1.142534491995742,2.3837475120363343
534,534,1,Status.Dis,2.0697360595641117,2.4420998793879587
535,535,1,Status.Dis,3.001885544677979,0.9483436783420869
536,536,1,Status.Dis,5.466124329302788,1.7652221445162473
537,537,1,Status.Dev,5.27871472288526,2.098852471287937
538,538,1,Status.Dev,6.964721389970085,5.297316791030915
539,539,1,Status.Dev,5.150257614202521,5.025444859816362
540,540,1,Status.Dev,1.8673369002933198,6.691016633202415
541,541,1,Status.Dev,3.7359542137793635,6.785968138720855
542,542,1,Status.Dev,7.491449756789993,6.023281881337899
543,543,1,Status.Dev,3.859797854398847,5.358355796703129
544,544,1,Status.Dev,2.75078499607315,6.724866792761887
545,545,1,Status.Dev,4.428737066219878,4.8448573252503735
546,546,1,Status.Dev,6.520685178092508,6.024203819511184
547,547,1,Status.Dev,4.798703410955034,4.975622971275238
548,548,1,Status.Dev,5.307998992755042,2.6692416930721437
549,549,1,Status.Dev,7.4425894784723825,1.1370065338599107
550,550,1,Status.Dev,4.847240439816975,7.78491990089309
551,551,1,Status.Dev,1.5454430180288725,7.432770814962435
552,552,1,Status.Dev,4.556844055381055,5.2483612243727285
553,553,1,Status.Dev,0.17895080017894624,8.315897428513859
554,554,1,Status.Dev,0.5446568823866159,5.610307195610014
555,555,1,Status.Dev,7.332567539837146,2.2158603344258214
556,556,1,Status.Dev,6.0220222819001705,5.758096589099672
557,557,1,Status.Dev,5.6196630901534945,2.537420721389547
558,558,1,Status.Dev,0.764361280996322,4.022401551474544
559,559,1,Status.Dev,6.464395425229434,3.4680097760744513
560,560,1,Status.Dev,7.500050589922146,2.4766237295143765
561,561,1,Status.Dev,5.461464699087071,6.0374198238271894
562,562,1,Status.Dev,6.701171341013804,2.193377905205407
563,563,1,Status.Dev,5.834238899094091,5.145728854310622
564,564,1,Status.Dev,7.961180665386769,0.5734647824655209
565,565,1,Status.Dev,8.587578400733944,3.214364086435568
566,566,1,Status.Dev,1.6648648327374094,6.6120317960298935
567,567,1,Status.Dev,8.757860349743389,6.807640436949162
568,568,1,Status.Dev,8.273308241345521,0.06755348484119429
569,569,1,Status.Dev,6.520106900209979,0.9002402932480013
570,570,1,Status.Dev,4.2574419588388235,7.666418947602596
571,571,1,Status.Dev,2.2116057896765153,5.721405116638223
572,572,1,Status.Dev,5.672306113506879,0.6184802322150911
573,573,1,Status.Dev,6.551739688818962,2.8197027180614738
574,574,1,Status.Dev,6.762224432259197,2.461260507053316
575,575,1,Status.Dev,7.582241140487756,0.4937747844653289
576,576,1,Status.Dev,6.211398982371872,3.5443274991334794
577,577,1,Status.Dev,6.012095993623118,3.0186911366709035
578,578,1,Status.Dev,2.3018249045615278,7.524648213758969
579,579,1,Status.Dev,6.488162684725209,5.542036045752326
580,580,1,Status.Dev,1.5869542999196382,4.22606036852689
581,581,1,Status.Dev,6.452915747231806,0.15072575765743979
582,582,1,Status.Dev,4.481535415226426,7.168066618051918
583,583,1,Status.Seed,7.642433948701152,0.05092865728026947
584,584,1,Status.Dev,0.8665226158325307,10.179770446396159
585,585,1,Status.Dev,6.231629179723357,4.378076107895161
586,586,1,Status.Seed,1.917042388900342,8.025632871300607
587,587,1,Status.Dev,5.3395249987477325,5.61134265769372
588,588,1,Status.Dev,6.173686315802719,2.1484933937692845
589,589,1,Status.Dev,6.340666508005153,4.821228164998588
590,590,1,Status.Dev,4.574879962805882,5.025532065336503
591,591,1,Status.Dev,5.261902298252812,2.9480121562766346
592,592,1,Status.Seed,5.345819268030041,5.111272014663124
593,593,1,Status.Dev,7.439815944554178,3.3828236091735424
594,594,1,Status.Seed,6.223600040599105,5.696701475654401
595,595,1,Status.Seed,7.849571201939108,1.2222961854306258
596,596,1,Status.Dev,3.237505738588697,6.535808487924073
597,597,1,Status.Seed,7.164508646767785,4.238584486667686
598,598,1,Status.Dev,4.892347596327448,4.341082561134631
599,599,1,Status.Seed,0.6290032542859093,9.042609391943456
600,600,1,Status.Dev,4.646931830462042,6.8031093111944685
601,601,1,Status.Seed,7.466573283100322,1.8245037138488625
602,602,1,Status.Dev,4.655652456610044,8.026630569891129
603,603,1,Status.Dev,5.477057240728834,0.9404089704979665
604,604,1,Status.Dev,4.130529979581336,5.18137487072287
605,605,1,Status.Seed,3.839121894920593,6.515232573652792
606,606,1,Status.Dev,5.653071263457663,3.2262820400643903
607,607,1,Status.Dev,2.1224064001090674,9.515052398129013
608,608,1,Status.Dev,6.862659565197378,4.939947649552385
609,609,1,Status.Seed,7.292774463430035,2.754237005532374
610,610,1,Status.Dev,7.198577217144506,0.8304660850885439
611,611,1,Status.Dev,0.9754781011438329,5.932428244160464
612,612,1,Status.Dev,6.80453309870216,4.309313169159613
613,613,1,Status.Dev,4.000740679176853,5.6592520921755
614,614,1,Status.Dev,2.1638508862037162,8.609566353092271
615,615,1,Status.Dev,3.0139876504384975,4.971033148870288
616,616,1,Status.Dev,1.7335000124196287,5.800166175736637
617,617,1,Status.Dev,2.008371708180548,7.327628289169419
618,618,1,Status.Seed,7.043111949893875,4.939806701239962
619,619,1,Status.Dev,8.224929294655693,0.23293979175798374
620,620,1,Status.Seed,4.628264706200282,2.870557291890819
621,621,1,Status.Dev,5.730916767983077,5.3379348059267775
622,622,1,Status.Seed,0.9174129715501693,8.075505043290574
623,623,1,Status.Seed,5.035891317739752,5.1832182188890705
624,624,1,Status.Seed,4.072287692004714,6.438150418050445
625,625,1,Status.Seed,5.667572324185386,1.817814367914557
626,626,1,Status.Seed,6.42294607575152,1.1066618207287564
627,627,1,Status.Seed,8.981189726517517,2.19051134541735
628,628,1,Status.Seed,0.4174493324836715,8.639779044449927
629,629,1,Status.Seed,4.546485838924496,5.467308583510021
630,630,1,Status.Seed,8.57335653163871,2.0880587740044008
631,631,1,Status.Seed,1.974229738946445,8.894239047633823
632,632,1,Status.Seed,3.4007979753322046,6.7058383624868645
633,633,1,Status.Dev,5.957866361776475,5.366419927204066
634,634,1,Status.Dev,7.03504594786291,1.144228957342687
635,635,1,Status.Dev,1.3667011162260396,5.67834130881627
636,636,1,Status.Dev,8.273663458272106,2.1381961397804337
637,637,1,Status.Seed,2.7306323549237397,7.01368591136257
638,638,1,Status.Dev,3.4926672305552993,2.549564101146313
639,639,1,Status.Seed,1.302920413798135,8.206760292016025
640,640,1,Status.Seed,6.765269300100961,3.725669977675924
641,641,1,Status.Seed,5.90456869789345,0.9537432644887978
642,642,1,Status.Dev,9.722730182068217,0.8985433286132308
643,643,1,Status.Seed,2.401241700409224,7.868584817163978
644,644,1,Status.Dev,7.417831385814018,0.46533024101763487
645,645,1,Status.Seed,9.065052028804931,2.037977024196977
646,646,1,Status.Seed,4.874152232653655,3.094691856325258
647,647,1,Status.Seed,6.00150511170002,4.7212516200562735
648,648,1,Status.Dev,8.103563514361245,2.5831002061100556
649,649,1,Status.Seed,7.244130584250382,0.38993470289092763
650,650,1,Status.Dev,1.7329277488724253,9.361791389787301
651,651,1,Status.Seed,1.2673369754343706,6.193582832076093
652,652,1,Status.Seed,8.206853520570982,1.8112128201820705
653,653,1,Status.Dev,6.753268394246175,3.9364837584442767
654,654,1,Status.Dev,0.9998751238097944,6.807382955312149
655,655,1,Status.Seed,8.611253419948348,2.5795632162633213
656,656,1,Status.Seed,2.8242918949923417,6.003967522343811
657,657,1,Status.Dev,7.006260686300836,3.628110940511497
658,658,1,Status.Seed,8.236527758057742,1.3090927494595122
659,659,1,Status.Seed,1.5405524335644905,3.3622711008090036
660,660,1,Status.Dev,7.044858909870249,0.5552940166853716
661,661,1,Status.Seed,6.869409469012257,3.3837864333345977
662,662,1,Status.Seed,6.323813575851339,0.8343346858418317
663,663,1,Status.Seed,3.147266141643692,7.124870355598573
664,664,1,Status.Seed,4.236480325941341,5.647638911483482
665,665,1,Status.Dev,5.993805209986436,4.488583216923081
666,666,1,Status.Seed,7.649645925230251,0.25628511618944294
667,667,1,Status.Seed,7.060115728542475,2.4598502822648167
668,668,1,Status.Dev,5.108034875881889,4.460195169315872
669,669,1,Status.Seed,4.099744476017323,7.104545249203939
670,670,1,Status.Seed,4.42941576269137,2.2330029159292946
671,671,1,Status.Seed,7.035957383449568,3.91300097664784
672,672,1,Status.Seed,5.447153909319828,4.589952439706285
673,673,1,Status.Seed,4.162453362266941,7.3051150771943245
674,674,1,Status.Seed,2.8557467577314415,6.196923648679584
675,675,1,Status.Seed,6.5740500702673925,2.5334079093259128
676,676,1,Status.Seed,5.08579405825384,3.4505515478559508
677,677,1,Status.Seed,5.617388355065715,1.2037382522914741
678,678,1,Status.Seed,5.5579203934509795,6.769698678246406
679,679,1,Status.Seed,0.7476314083354596,6.883656351030626
680,680,1,Status.Seed,6.968645758537179,1.7768035390766972
681,681,1,Status.Seed,1.7429324809498516,8.132386155013737
682,682,1,Status.Seed,6.75282189182239,1.1666739189309174
683,683,1,Status.Seed,9.150857244084772,1.2990720945640375
684,684,1,Status.Seed,5.263998456649854,3.1591329779556623
685,685,1,Status.Seed,7.532092660600621,3.970435523054048
686,686,1,Status.Seed,3.849693288613751,7.350787079407375
687,687,1,Status.Seed,1.9168687478545605,7.133269327616901
688,688,1,Status.Seed,2.249186896595095,6.769279748732688
689,689,1,Status.Seed,3.612874278217166,7.48736618330711
690,690,1,Status.Seed,6.366068323257121,2.1157553007106524
691,691,1,Status.Seed,3.3314075758269777,5.797657763268442
692,692,1,Status.Seed,8.201094178976952,1.4803355496763915
693,693,1,Status.Seed,5.096124856913603,3.2466939543981055
694,694,1,Status.Seed,4.0971689798456845,6.611820743351861
695,695,1,Status.Seed,8.479590978878203,2.7441436459274735
696,696,1,Status.Seed,5.8133920502892,6.416891281746601
697,697,1,Status.Seed,5.269617902766158,3.9762837548735592
698,698,1,Status.Seed,1.5418827100904973,4.995733285510856
699,699,1,Status.Seed,6.539272721337049,4.943484639779392
700,700,1,Status.Seed,3.343590571705162,7.237588066168104
701,701,1,Status.Seed,7.816970618830963,2.999760493526906
702,702,1,Status.Seed,1.7465732976522914,6.048025840986744
703,703,1,Status.Seed,7.632873802187994,1.549305407960832
704,704,1,Status.Seed,3.776596906986398,6.9409810354606
705,705,1,Status.Seed,3.115274945820368,8.907521898033528
706,706,1,Status.Seed,7.335191131153755,4.281738236312869
707,707,1,Status.Seed,0.7318523471244862,6.621958899163221
708,708,1,Status.Seed,2.1398085445999997,6.597211471598811
709,709,1,Status.Seed,1.7448401963174358,6.452940467403155
710,710,1,Status.Seed,6.095137497686026,0.21121400452360756
711,711,1,Status.Seed,3.903103254397245,4.661178104022188
712,712,1,Status.Seed,4.476123723897524,5.826915497437972
713,713,1,Status.Seed,3.154426423991841,7.3373053912567805
714,714,1,Status.Seed,6.785750282112358,5.41815971866668
715,715,1,Status.Seed,4.168537931017022,8.278443293418029
716,716,1,Status.Seed,7.64151288747053,3.7515801323186597
717,717,1,Status.Seed,3.000327277101434,5.969404057442607
718,718,1,Status.Seed,0.04861708186454485,9.587015705016727
719,719,1,Status.Seed,7.404101528760847,5.0752345165700214
720,720,1,Status.Seed,4.871010434046973,6.789161739144908
721,721,1,Status.Seed,8.001075474773005,4.006515035617231
722,722,1,Status.Seed,4.63983776494632,3.7423527384207547
723,723,1,Status.Seed,5.074637259824424,8.045822650514795
724,724,1,Status.Seed,4.676066438569224,5.870952255139952
725,725,1,Status.Seed,3.3382143459299396,9.356190023967336
726,726,1,Status.Seed,5.222794762270797,2.3425033497858365
727,727,1,Status.Seed,4.000890376581637,7.4621212822721406
